frame,id,pose,duration_sec,video_time_sec

14,standing,0.14,0.27
0,standing,0.25,0.33
1,standing,0.25,0.33
4,standing,0.25,0.33
5,standing,0.25,0.33
7,standing,0.25,0.33
8,standing,0.25,0.33
12,standing,0.25,0.33
15,standing,0.3,0.37
2,standing,0.53,0.5
6,running,0.32,0.53
11,running,0.32,0.53
17,standing,0.57,0.67
20,standing,0.58,0.67
18,standing,0.79,0.84
22,standing,0.51,0.84
23,standing,0.21,0.84
24,standing,0.48,1.0
26,standing,0.27,1.0
27,standing,0.27,1.0
2,running,1.03,1.1
20,running,0.73,1.1
1,running,1.39,1.17
25,standing,0.61,1.17
26,running,0.34,1.17
28,standing,0.61,1.17
29,standing,0.61,1.17
30,standing,0.61,1.17
31,standing,0.33,1.17
34,standing,0.33,1.17
26,standing,0.23,1.34
36,standing,0.23,1.34
37,standing,0.23,1.34
39,standing,0.24,1.34
35,standing,0.81,1.5
40,standing,0.48,1.5
7,running,1.93,1.54
29,running,0.53,1.54
31,running,0.53,1.54
34,running,0.53,1.54
42,standing,0.29,1.54
45,standing,0.05,1.54
1,standing,0.62,1.6
33,standing,1.04,1.67
41,standing,0.47,1.67
43,standing,0.23,1.67
12,running,2.15,1.71
18,running,1.36,1.71
24,running,1.09,1.71
25,running,0.76,1.71
46,standing,0.44,1.84
47,standing,0.21,1.84
48,standing,0.21,1.84
51,standing,0.04,1.87
52,standing,0.18,2.14
50,standing,0.67,2.17
53,standing,0.24,2.17
36,running,1.29,2.27
47,running,0.59,2.27
55,standing,0.25,2.34
57,standing,0.25,2.34
58,standing,0.25,2.34
54,standing,0.74,2.51
56,standing,0.5,2.51
58,running,0.39,2.61
0,running,3.46,2.64
4,running,3.46,2.64
5,running,3.46,2.64
17,running,2.89,2.64
23,running,2.67,2.64
26,running,1.84,2.64
35,running,1.58,2.64
59,standing,0.48,2.67
60,standing,0.22,2.67
60,running,0.25,2.84
61,standing,0.25,2.84
60,standing,0.16,2.94
61,running,0.26,3.01
62,standing,0.27,3.01
8,running,4.31,3.18
33,running,2.2,3.18
49,running,1.99,3.18
50,running,1.52,3.18
64,standing,0.28,3.18
65,standing,0.28,3.18
63,standing,0.82,3.34
66,standing,0.27,3.34
67,standing,0.22,3.51
68,standing,0.23,3.51
69,standing,0.36,3.61
71,standing,0.13,3.61
70,standing,0.25,3.68
22,running,4.43,3.78
27,running,4.16,3.78
28,running,3.83,3.78
37,running,3.6,3.78
39,running,3.59,3.78
43,running,3.11,3.78
59,running,1.75,3.81
72,standing,0.25,3.84
72,running,0.23,4.01
78,standing,0.26,4.05
77,standing,0.36,4.11
41,running,3.67,4.18
72,standing,0.23,4.18
79,standing,0.23,4.18
64,running,1.64,4.31
74,standing,0.94,4.35
75,standing,0.94,4.35
76,standing,0.69,4.35
80,standing,0.46,4.35
81,standing,0.23,4.35
82,standing,0.23,4.35
84,standing,0.23,4.35
83,standing,0.38,4.45
85,standing,0.15,4.45
79,running,0.72,4.65
82,running,0.48,4.65
86,standing,0.27,4.68
88,standing,0.56,4.85
92,standing,0.29,4.85
93,standing,0.49,4.98
94,standing,0.28,5.02
96,standing,0.28,5.02
97,standing,0.28,5.02
98,standing,0.28,5.02
96,running,0.25,5.18
98,running,0.25,5.18
99,standing,0.25,5.18
101,standing,0.25,5.18
103,standing,0.22,5.35
91,standing,1.05,5.35
102,standing,0.47,5.35
104,standing,0.22,5.35
105,standing,0.22,5.35
81,running,1.76,5.45
74,running,1.81,5.48
75,running,1.81,5.48
84,running,1.81,5.48
96,standing,0.42,5.48
98,standing,0.42,5.48
100,standing,0.67,5.48
30,running,6.52,5.55
40,running,6.04,5.55
46,running,5.6,5.55
48,running,5.6,5.55
53,running,5.14,5.55
54,running,4.64,5.55
55,running,4.89,5.55
56,running,4.64,5.55
57,running,4.89,5.55
62,running,3.89,5.55
63,running,3.33,5.55
65,running,3.6,5.55
66,running,3.33,5.55
67,running,3.11,5.55
68,running,3.1,5.55
70,running,2.85,5.55
72,running,2.14,5.55
76,running,1.91,5.55
91,running,0.3,5.55
106,standing,0.04,5.55
107,standing,0.04,5.55
108,standing,0.23,5.68
110,standing,0.22,5.85
109,standing,0.47,6.02
113,standing,0.25,6.02
115,standing,0.25,6.02
80,running,2.68,6.12
108,running,0.58,6.12
116,standing,0.22,6.19
118,standing,0.22,6.19
119,standing,0.36,6.29
114,standing,0.69,6.35
121,standing,0.21,6.35
122,standing,0.21,6.35
123,standing,0.21,6.35
124,standing,0.21,6.35
125,standing,0.46,6.52
126,standing,0.25,6.52
128,standing,0.24,6.52
129,standing,0.24,6.52
127,standing,0.49,6.69
130,standing,0.24,6.69
131,standing,0.24,6.69
132,standing,0.22,6.85
134,standing,0.22,6.85
102,running,2.4,7.02
105,running,2.4,7.02
110,running,1.68,7.02
133,standing,0.51,7.02
135,standing,0.51,7.02
136,standing,0.28,7.02
137,standing,0.28,7.02
138,standing,0.28,7.02
127,running,0.55,7.05
142,standing,0.05,7.05
145,standing,0.05,7.05
150,standing,0.05,7.05
149,standing,0.23,7.15
109,running,1.72,7.19
115,running,1.72,7.19
139,standing,0.57,7.19
141,standing,0.28,7.19
147,standing,0.28,7.19
148,standing,0.55,7.36
152,standing,0.27,7.36
155,standing,0.26,7.52
101,running,3.6,7.62
113,running,2.42,7.62
116,running,2.2,7.62
123,running,1.98,7.62
125,running,1.73,7.62
126,running,1.73,7.62
154,standing,0.8,7.69
157,standing,0.27,7.69
156,standing,0.48,7.82
163,standing,0.04,7.89
86,running,5.03,8.02
88,running,4.74,8.02
92,running,4.74,8.02
94,running,4.45,8.02
97,running,4.45,8.02
99,running,4.2,8.02
104,running,3.98,8.02
118,running,2.79,8.02
121,running,2.58,8.02
122,running,2.58,8.02
124,running,2.58,8.02
128,running,2.33,8.02
129,running,2.33,8.02
130,running,2.08,8.02
131,running,2.08,8.02
132,running,1.86,8.02
134,running,1.86,8.02
135,running,1.58,8.02
136,running,1.58,8.02
139,running,1.29,8.02
143,running,1.29,8.02
148,running,1.03,8.02
161,lying,0.23,8.02
161,running,0.12,8.12
164,standing,0.35,8.12
167,standing,0.22,8.19
165,standing,0.36,8.33
172,standing,0.15,8.33
155,running,1.18,8.36
170,standing,0.2,8.36
171,standing,0.2,8.36
173,standing,0.42,8.53
174,standing,0.45,8.73
154,running,1.49,8.83
152,running,2.06,8.86
179,standing,0.03,8.89
152,standing,0.07,8.93
180,standing,0.21,9.03
178,standing,0.45,9.19
171,running,1.14,9.23
182,standing,0.07,9.23
181,standing,0.23,9.36
186,standing,0.04,9.56
133,running,3.95,9.9
137,running,3.95,9.9
138,running,3.95,9.9
141,running,3.66,9.9
147,running,3.66,9.9
153,running,3.14,9.9
157,running,2.86,9.9
166,running,2.15,9.9
167,running,2.15,9.9
180,running,1.13,9.9
181,running,0.65,9.9
191,lying,0.03,9.9
178,running,1.41,10.33
188,standing,0.86,10.43
196,standing,0.16,10.53
170,running,2.95,10.77
173,running,2.72,10.77
199,standing,0.19,10.87
200,standing,0.21,11.03
202,standing,0.18,11.2
205,standing,0.12,11.47
196,running,1.14,11.53
204,standing,0.21,11.53
206,standing,0.03,11.57
198,lying,1.13,11.7
207,standing,0.22,11.87
211,standing,0.03,12.4
212,standing,0.36,12.71
210,lying,0.45,12.77
213,standing,0.22,12.87
216,lying,0.07,12.94
217,standing,0.21,13.04
214,standing,0.44,13.04
215,standing,0.22,13.04
212,running,0.47,13.07
213,running,0.25,13.07
214,running,0.04,13.07
215,running,0.04,13.07
218,standing,0.4,13.21
225,standing,0.06,13.27
199,running,2.81,13.34
200,running,2.61,13.34
201,running,2.43,13.34
202,running,2.43,13.34
204,running,2.04,13.34
207,running,1.65,13.34
223,standing,0.18,13.37
228,standing,0.03,13.41
226,standing,0.18,13.54
219,lying,0.69,13.64
229,standing,0.22,13.71
218,running,0.73,13.84
223,running,0.55,13.84
234,standing,0.19,14.04
226,running,0.74,14.18
235,standing,0.14,14.18
237,lying,0.03,14.24
238,standing,0.03,14.91
234,running,1.02,14.95
240,standing,0.07,14.95
229,running,1.43,14.98
247,standing,0.2,15.21
242,standing,0.38,15.21
244,standing,0.2,15.21
242,running,0.19,15.38
246,standing,0.19,15.38
242,standing,0.09,15.48
246,running,0.35,15.71
244,running,0.72,15.91
